ID,Type,Description
1,Product,Product 1 description
2,Product,Product 2 description
3,Product,Product 3 description
4,Product,Product 4 description
5,Product,Product 5 description
6,Product,Product 6 description
7,Product,Product 7 description
8,Product,Product 8 description
9,Product,Product 9 description
10,Product,Product 10 description
11,Environment,Environment 1 description
12,Environment,Environment 2 description
13,Environment,Environment 3 description
14,Environment,Environment 4 description
15,Environment,Environment 5 description
16,Environment,Environment 6 description
17,Environment,Environment 7 description
18,Environment,Environment 8 description
19,Environment,Environment 9 description
20,Environment,Environment 10 description
