task_id,task_type,description,pre_tasks,requirements,affected_factors
1,Type C,Description task 1,"[77, 7, 38, 75, 65, 71, 55, 61, 19, 2, 11, 23, 33, 79, 26, 47, 8, 4, 30, 43, 68, 64, 20, 56, 32, 66, 57, 14, 42, 39, 76, 29, 62, 78, 15, 46, 45, 9, 35, 40, 58, 80, 54, 51, 69, 22, 44, 27, 70, 16, 59, 31, 6, 50, 28, 63, 73, 24, 52, 34]","{""certificates"": [], ""majors"": """", ""type_majors"": """"}","[[1, ""Product"", 3], [2, ""Product"", 4], [3, ""Product"", 3], [4, ""Product"", 5], [5, ""Product"", 1], [6, ""Product"", 4], [7, ""Product"", 4], [8, ""Product"", 3], [9, ""Product"", 5], [10, ""Product"", 4], [11, ""Environment"", 2], [12, ""Environment"", 3], [13, ""Environment"", 1], [14, ""Environment"", 5], [15, ""Environment"", 2], [16, ""Environment"", 5], [17, ""Environment"", 5], [18, ""Environment"", 1], [19, ""Environment"", 5], [20, ""Environment"", 2]]"
2,Type C,Description task 2,"[50, 35, 62, 77, 23, 44, 34, 43, 72, 8, 33, 78, 24, 51, 29, 48, 32, 46, 47, 37, 70, 14, 42, 15, 10, 17, 30, 38, 18, 27, 31, 68, 67, 63, 1, 36, 21, 7, 55, 53, 4, 3, 74, 56, 69, 61, 25, 11, 20, 65, 41, 71, 57, 45, 52, 6, 58, 26, 60, 64]","{""certificates"": [], ""majors"": """", ""type_majors"": """"}","[[1, ""Product"", 1], [2, ""Product"", 2], [3, ""Product"", 2], [4, ""Product"", 5], [5, ""Product"", 1], [6, ""Product"", 4], [7, ""Product"", 1], [8, ""Product"", 1], [9, ""Product"", 2], [10, ""Product"", 5], [11, ""Environment"", 3], [12, ""Environment"", 5], [13, ""Environment"", 4], [14, ""Environment"", 2], [15, ""Environment"", 2], [16, ""Environment"", 4], [17, ""Environment"", 1], [18, ""Environment"", 2], [19, ""Environment"", 2], [20, ""Environment"", 1]]"
3,Type C,Description task 3,"[55, 53, 10, 18, 8, 62, 77, 61, 44, 29, 30, 2, 48, 21, 39, 11, 51, 46, 37, 45, 20, 63, 23, 56, 68, 33, 40, 73, 64, 14, 16, 59, 9, 80, 71, 5, 76, 75, 27, 42, 72, 65, 28, 6, 47, 79, 31, 25, 36, 4, 15, 7, 13, 24, 35, 54, 43, 26, 50, 78]","{""certificates"": [], ""majors"": """", ""type_majors"": """"}","[[1, ""Product"", 1], [2, ""Product"", 1], [3, ""Product"", 1], [4, ""Product"", 3], [5, ""Product"", 5], [6, ""Product"", 5], [7, ""Product"", 4], [8, ""Product"", 3], [9, ""Product"", 2], [10, ""Product"", 3], [11, ""Environment"", 1], [12, ""Environment"", 4], [13, ""Environment"", 2], [14, ""Environment"", 1], [15, ""Environment"", 4], [16, ""Environment"", 2], [17, ""Environment"", 4], [18, ""Environment"", 5], [19, ""Environment"", 1], [20, ""Environment"", 3]]"
4,Type B,Description task 4,"[46, 11, 31, 17, 26, 21, 74, 3, 57, 62, 71, 72, 76, 6, 28, 35, 75, 9, 69, 40, 2, 12, 18, 59, 25, 16, 44, 1, 13, 22, 70, 45, 63, 61, 32, 66, 20, 64, 33, 78, 60, 39, 24, 42, 54, 30, 27, 8, 7, 77, 41, 37, 73, 10, 67, 48, 80, 29, 79, 34]","{""certificates"": [], ""majors"": """", ""type_majors"": """"}","[[1, ""Product"", 1], [2, ""Product"", 3], [3, ""Product"", 5], [4, ""Product"", 5], [5, ""Product"", 5], [6, ""Product"", 5], [7, ""Product"", 5], [8, ""Product"", 3], [9, ""Product"", 5], [10, ""Product"", 4], [11, ""Environment"", 4], [12, ""Environment"", 1], [13, ""Environment"", 1], [14, ""Environment"", 2], [15, ""Environment"", 1], [16, ""Environment"", 3], [17, ""Environment"", 5], [18, ""Environment"", 1], [19, ""Environment"", 4], [20, ""Environment"", 1]]"
5,Type B,Description task 5,"[25, 38, 39, 22, 57, 71, 32, 24, 16, 80, 20, 60, 23, 30, 62, 55, 75, 54, 27, 49, 1, 61, 26, 3, 65, 45, 14, 64, 7, 37, 28, 47, 46, 43, 40, 2, 9, 11, 78, 48, 41, 21, 59, 69, 33, 36, 12, 4, 51, 58, 19, 10, 70, 35, 53, 77, 76, 67, 73, 17]","{""certificates"": [], ""majors"": """", ""type_majors"": """"}","[[1, ""Product"", 5], [2, ""Product"", 3], [3, ""Product"", 3], [4, ""Product"", 4], [5, ""Product"", 3], [6, ""Product"", 3], [7, ""Product"", 1], [8, ""Product"", 5], [9, ""Product"", 5], [10, ""Product"", 5], [11, ""Environment"", 2], [12, ""Environment"", 1], [13, ""Environment"", 3], [14, ""Environment"", 2], [15, ""Environment"", 4], [16, ""Environment"", 1], [17, ""Environment"", 3], [18, ""Environment"", 2], [19, ""Environment"", 5], [20, ""Environment"", 2]]"
6,Type C,Description task 6,"[22, 28, 62, 46, 30, 44, 18, 56, 24, 41, 13, 54, 75, 48, 15, 52, 20, 65, 60, 5, 21, 35, 45, 7, 33, 34, 17, 50, 51, 57, 1, 78, 26, 73, 55, 42, 53, 12, 72, 23, 43, 2, 40, 36, 71, 11, 16, 59, 49, 64, 37, 4, 74, 14, 80, 32, 19, 3, 47, 69]","{""certificates"": [], ""majors"": """", ""type_majors"": """"}","[[1, ""Product"", 4], [2, ""Product"", 3], [3, ""Product"", 2], [4, ""Product"", 4], [5, ""Product"", 5], [6, ""Product"", 3], [7, ""Product"", 3], [8, ""Product"", 1], [9, ""Product"", 4], [10, ""Product"", 5], [11, ""Environment"", 4], [12, ""Environment"", 4], [13, ""Environment"", 2], [14, ""Environment"", 5], [15, ""Environment"", 2], [16, ""Environment"", 4], [17, ""Environment"", 1], [18, ""Environment"", 3], [19, ""Environment"", 3], [20, ""Environment"", 2]]"
7,Type C,Description task 7,"[60, 66, 39, 20, 79, 9, 17, 48, 30, 33, 55, 43, 44, 34, 32, 14, 61, 35, 62, 19, 25, 21, 16, 38, 12, 2, 57, 78, 75, 73, 11, 64, 6, 26, 36, 67, 3, 74, 28, 63, 51, 41, 59, 1, 5, 77, 47, 72, 45, 50, 71, 80, 49, 37, 15, 18, 13, 54, 24, 40]","{""certificates"": [], ""majors"": """", ""type_majors"": """"}","[[1, ""Product"", 2], [2, ""Product"", 2], [3, ""Product"", 1], [4, ""Product"", 5], [5, ""Product"", 4], [6, ""Product"", 4], [7, ""Product"", 4], [8, ""Product"", 1], [9, ""Product"", 2], [10, ""Product"", 1], [11, ""Environment"", 2], [12, ""Environment"", 1], [13, ""Environment"", 2], [14, ""Environment"", 5], [15, ""Environment"", 2], [16, ""Environment"", 1], [17, ""Environment"", 2], [18, ""Environment"", 4], [19, ""Environment"", 5], [20, ""Environment"", 4]]"
8,Type A,Description task 8,"[19, 23, 29, 5, 6, 48, 24, 1, 77, 25, 68, 40, 18, 4, 33, 74, 64, 44, 73, 70, 65, 13, 41, 42, 45, 50, 57, 15, 37, 69, 54, 60, 11, 63, 9, 79, 14, 16, 55, 10, 80, 17, 22, 56, 66, 7, 67, 28, 78, 21, 2, 61, 32, 12, 75, 36, 34, 53, 31, 52]","{""certificates"": [], ""majors"": """", ""type_majors"": """"}","[[1, ""Product"", 2], [2, ""Product"", 1], [3, ""Product"", 2], [4, ""Product"", 1], [5, ""Product"", 4], [6, ""Product"", 4], [7, ""Product"", 5], [8, ""Product"", 5], [9, ""Product"", 5], [10, ""Product"", 5], [11, ""Environment"", 5], [12, ""Environment"", 1], [13, ""Environment"", 4], [14, ""Environment"", 4], [15, ""Environment"", 5], [16, ""Environment"", 2], [17, ""Environment"", 3], [18, ""Environment"", 2], [19, ""Environment"", 5], [20, ""Environment"", 1]]"
9,Type C,Description task 9,"[64, 30, 3, 56, 7, 16, 44, 4, 69, 21, 79, 71, 29, 36, 19, 65, 32, 67, 61, 40, 41, 28, 6, 55, 47, 49, 80, 50, 57, 20, 8, 76, 52, 11, 18, 23, 31, 51, 2, 68, 13, 58, 38, 53, 1, 77, 45, 34, 75, 62, 15, 70, 22, 33, 12, 73, 37, 43, 24, 46]","{""certificates"": [], ""majors"": """", ""type_majors"": """"}","[[1, ""Product"", 3], [2, ""Product"", 1], [3, ""Product"", 4], [4, ""Product"", 3], [5, ""Product"", 2], [6, ""Product"", 1], [7, ""Product"", 3], [8, ""Product"", 1], [9, ""Product"", 5], [10, ""Product"", 4], [11, ""Environment"", 2], [12, ""Environment"", 2], [13, ""Environment"", 5], [14, ""Environment"", 2], [15, ""Environment"", 4], [16, ""Environment"", 4], [17, ""Environment"", 4], [18, ""Environment"", 1], [19, ""Environment"", 4], [20, ""Environment"", 3]]"
10,Type A,Description task 10,"[57, 70, 64, 68, 38, 80, 69, 26, 4, 7, 63, 71, 73, 78, 15, 20, 11, 60, 8, 31, 6, 45, 35, 77, 62, 27, 37, 49, 22, 9, 1, 43, 59, 48, 79, 76, 18, 16, 14, 32, 54, 56, 19, 17, 24, 30, 51, 47, 12, 66, 65, 46, 74, 44, 72, 75, 28, 33, 40, 29]","{""certificates"": [], ""majors"": """", ""type_majors"": """"}","[[1, ""Product"", 4], [2, ""Product"", 5], [3, ""Product"", 3], [4, ""Product"", 3], [5, ""Product"", 3], [6, ""Product"", 4], [7, ""Product"", 3], [8, ""Product"", 5], [9, ""Product"", 1], [10, ""Product"", 1], [11, ""Environment"", 1], [12, ""Environment"", 1], [13, ""Environment"", 3], [14, ""Environment"", 1], [15, ""Environment"", 2], [16, ""Environment"", 2], [17, ""Environment"", 1], [18, ""Environment"", 4], [19, ""Environment"", 4], [20, ""Environment"", 4]]"
11,Type C,Description task 11,"[31, 51, 18, 12, 1, 9, 78, 40, 61, 37, 70, 68, 6, 8, 38, 41, 79, 65, 3, 53, 69, 66, 5, 54, 55, 74, 62, 14, 20, 58, 25, 33, 30, 75, 32, 27, 77, 47, 16, 60, 4, 48, 22, 76, 42, 34, 64, 71, 23, 73, 29, 10, 50, 56, 67, 19, 15, 35, 24, 63]","{""certificates"": [], ""majors"": """", ""type_majors"": """"}","[[1, ""Product"", 3], [2, ""Product"", 2], [3, ""Product"", 1], [4, ""Product"", 5], [5, ""Product"", 1], [6, ""Product"", 3], [7, ""Product"", 1], [8, ""Product"", 4], [9, ""Product"", 1], [10, ""Product"", 1], [11, ""Environment"", 2], [12, ""Environment"", 3], [13, ""Environment"", 3], [14, ""Environment"", 3], [15, ""Environment"", 1], [16, ""Environment"", 4], [17, ""Environment"", 4], [18, ""Environment"", 2], [19, ""Environment"", 5], [20, ""Environment"", 4]]"
12,Type A,Description task 12,"[59, 40, 70, 69, 21, 47, 43, 49, 19, 42, 15, 14, 22, 2, 48, 62, 68, 58, 39, 71, 46, 6, 9, 80, 72, 77, 51, 11, 8, 25, 24, 37, 5, 41, 74, 75, 63, 52, 55, 76, 66, 17, 32, 35, 67, 30, 28, 60, 44, 31, 56, 23, 7, 73, 38, 27, 79, 78, 34, 33]","{""certificates"": [], ""majors"": """", ""type_majors"": """"}","[[1, ""Product"", 4], [2, ""Product"", 1], [3, ""Product"", 5], [4, ""Product"", 3], [5, ""Product"", 5], [6, ""Product"", 4], [7, ""Product"", 4], [8, ""Product"", 2], [9, ""Product"", 3], [10, ""Product"", 5], [11, ""Environment"", 3], [12, ""Environment"", 2], [13, ""Environment"", 5], [14, ""Environment"", 4], [15, ""Environment"", 1], [16, ""Environment"", 1], [17, ""Environment"", 3], [18, ""Environment"", 2], [19, ""Environment"", 1], [20, ""Environment"", 2]]"
13,Type C,Description task 13,"[67, 55, 49, 72, 39, 73, 26, 10, 75, 17, 43, 19, 41, 33, 5, 77, 51, 70, 31, 63, 15, 1, 74, 7, 45, 53, 40, 58, 32, 61, 8, 60, 62, 80, 47, 21, 44, 36, 28, 35, 66, 50, 76, 20, 56, 57, 24, 37, 25, 59, 69, 27, 48, 9, 16, 29, 42, 30, 11, 22]","{""certificates"": [], ""majors"": """", ""type_majors"": """"}","[[1, ""Product"", 2], [2, ""Product"", 2], [3, ""Product"", 4], [4, ""Product"", 3], [5, ""Product"", 4], [6, ""Product"", 1], [7, ""Product"", 4], [8, ""Product"", 1], [9, ""Product"", 2], [10, ""Product"", 5], [11, ""Environment"", 3], [12, ""Environment"", 2], [13, ""Environment"", 3], [14, ""Environment"", 5], [15, ""Environment"", 2], [16, ""Environment"", 2], [17, ""Environment"", 1], [18, ""Environment"", 5], [19, ""Environment"", 4], [20, ""Environment"", 5]]"
14,Type A,Description task 14,"[61, 78, 56, 59, 21, 62, 39, 33, 26, 18, 11, 37, 32, 57, 50, 54, 69, 52, 22, 2, 10, 44, 46, 60, 75, 23, 13, 17, 73, 8, 35, 64, 77, 67, 49, 9, 36, 5, 7, 34, 28, 4, 6, 70, 53, 20, 58, 43, 79, 38, 1, 72, 45, 68, 41, 3, 66, 16, 48, 80]","{""certificates"": [], ""majors"": """", ""type_majors"": """"}","[[1, ""Product"", 4], [2, ""Product"", 5], [3, ""Product"", 3], [4, ""Product"", 4], [5, ""Product"", 2], [6, ""Product"", 2], [7, ""Product"", 3], [8, ""Product"", 1], [9, ""Product"", 3], [10, ""Product"", 3], [11, ""Environment"", 1], [12, ""Environment"", 5], [13, ""Environment"", 2], [14, ""Environment"", 5], [15, ""Environment"", 3], [16, ""Environment"", 2], [17, ""Environment"", 2], [18, ""Environment"", 4], [19, ""Environment"", 3], [20, ""Environment"", 2]]"
15,Type C,Description task 15,"[74, 71, 4, 80, 19, 33, 65, 76, 75, 60, 21, 23, 2, 7, 70, 53, 32, 10, 12, 57, 6, 28, 52, 55, 44, 45, 36, 18, 58, 34, 67, 50, 73, 61, 64, 77, 79, 49, 51, 62, 20, 43, 40, 59, 17, 25, 42, 29, 72, 54, 27, 5, 38, 48, 63, 3, 56, 46, 35, 14]","{""certificates"": [], ""majors"": """", ""type_majors"": """"}","[[1, ""Product"", 2], [2, ""Product"", 3], [3, ""Product"", 1], [4, ""Product"", 2], [5, ""Product"", 4], [6, ""Product"", 5], [7, ""Product"", 1], [8, ""Product"", 4], [9, ""Product"", 4], [10, ""Product"", 3], [11, ""Environment"", 4], [12, ""Environment"", 5], [13, ""Environment"", 4], [14, ""Environment"", 3], [15, ""Environment"", 3], [16, ""Environment"", 2], [17, ""Environment"", 4], [18, ""Environment"", 3], [19, ""Environment"", 5], [20, ""Environment"", 3]]"
16,Type B,Description task 16,"[68, 45, 1, 65, 60, 17, 32, 55, 19, 53, 54, 69, 7, 22, 11, 73, 14, 30, 59, 3, 62, 63, 26, 29, 34, 57, 66, 64, 23, 41, 25, 52, 10, 37, 76, 70, 44, 15, 78, 31, 67, 47, 40, 21, 50, 8, 72, 58, 56, 18, 35, 43, 4, 9, 36, 12, 2, 28, 6, 51]","{""certificates"": [], ""majors"": """", ""type_majors"": """"}","[[1, ""Product"", 3], [2, ""Product"", 1], [3, ""Product"", 5], [4, ""Product"", 3], [5, ""Product"", 2], [6, ""Product"", 3], [7, ""Product"", 4], [8, ""Product"", 2], [9, ""Product"", 2], [10, ""Product"", 5], [11, ""Environment"", 1], [12, ""Environment"", 4], [13, ""Environment"", 1], [14, ""Environment"", 1], [15, ""Environment"", 4], [16, ""Environment"", 5], [17, ""Environment"", 4], [18, ""Environment"", 3], [19, ""Environment"", 2], [20, ""Environment"", 1]]"
17,Type A,Description task 17,"[5, 40, 31, 54, 30, 45, 1, 43, 4, 24, 28, 42, 66, 80, 67, 39, 29, 60, 46, 56, 70, 50, 74, 58, 61, 52, 44, 57, 3, 32, 37, 78, 33, 55, 19, 26, 38, 13, 79, 76, 36, 2, 8, 22, 75, 63, 15, 65, 53, 72, 9, 25, 35, 71, 34, 14, 64, 62, 18, 41]","{""certificates"": [], ""majors"": """", ""type_majors"": """"}","[[1, ""Product"", 4], [2, ""Product"", 5], [3, ""Product"", 1], [4, ""Product"", 3], [5, ""Product"", 4], [6, ""Product"", 1], [7, ""Product"", 1], [8, ""Product"", 1], [9, ""Product"", 2], [10, ""Product"", 4], [11, ""Environment"", 5], [12, ""Environment"", 2], [13, ""Environment"", 5], [14, ""Environment"", 4], [15, ""Environment"", 2], [16, ""Environment"", 1], [17, ""Environment"", 5], [18, ""Environment"", 1], [19, ""Environment"", 5], [20, ""Environment"", 1]]"
18,Type A,Description task 18,"[60, 27, 39, 16, 23, 75, 12, 58, 32, 78, 22, 36, 37, 69, 34, 28, 54, 38, 9, 40, 66, 17, 30, 52, 67, 47, 76, 46, 41, 71, 61, 15, 14, 74, 8, 65, 77, 62, 3, 79, 31, 29, 64, 2, 13, 21, 51, 63, 56, 45, 19, 72, 24, 11, 25, 33, 35, 49, 7, 20]","{""certificates"": [], ""majors"": """", ""type_majors"": """"}","[[1, ""Product"", 2], [2, ""Product"", 4], [3, ""Product"", 2], [4, ""Product"", 1], [5, ""Product"", 5], [6, ""Product"", 4], [7, ""Product"", 5], [8, ""Product"", 3], [9, ""Product"", 3], [10, ""Product"", 4], [11, ""Environment"", 4], [12, ""Environment"", 3], [13, ""Environment"", 4], [14, ""Environment"", 1], [15, ""Environment"", 4], [16, ""Environment"", 2], [17, ""Environment"", 3], [18, ""Environment"", 2], [19, ""Environment"", 5], [20, ""Environment"", 5]]"
19,Type A,Description task 19,"[12, 3, 21, 15, 16, 66, 24, 23, 60, 70, 71, 48, 57, 52, 63, 46, 61, 10, 69, 5, 11, 39, 76, 27, 80, 41, 26, 72, 54, 59, 9, 50, 33, 7, 8, 77, 20, 64, 6, 53, 73, 40, 65, 67, 68, 31, 29, 74, 32, 79, 22, 36, 51, 14, 62, 78, 18, 45, 25, 28]","{""certificates"": [], ""majors"": """", ""type_majors"": """"}","[[1, ""Product"", 4], [2, ""Product"", 2], [3, ""Product"", 4], [4, ""Product"", 5], [5, ""Product"", 2], [6, ""Product"", 3], [7, ""Product"", 4], [8, ""Product"", 2], [9, ""Product"", 1], [10, ""Product"", 1], [11, ""Environment"", 5], [12, ""Environment"", 1], [13, ""Environment"", 2], [14, ""Environment"", 2], [15, ""Environment"", 2], [16, ""Environment"", 2], [17, ""Environment"", 1], [18, ""Environment"", 2], [19, ""Environment"", 2], [20, ""Environment"", 3]]"
20,Type C,Description task 20,"[2, 24, 11, 23, 53, 41, 18, 39, 28, 57, 46, 50, 71, 29, 80, 70, 60, 59, 8, 37, 77, 61, 54, 42, 67, 56, 66, 36, 43, 49, 16, 38, 6, 4, 75, 19, 10, 9, 69, 73, 58, 68, 13, 22, 35, 15, 47, 34, 51, 65, 52, 64, 78, 48, 14, 7, 25, 30, 27, 33]","{""certificates"": [], ""majors"": """", ""type_majors"": """"}","[[1, ""Product"", 4], [2, ""Product"", 5], [3, ""Product"", 1], [4, ""Product"", 4], [5, ""Product"", 5], [6, ""Product"", 4], [7, ""Product"", 4], [8, ""Product"", 1], [9, ""Product"", 2], [10, ""Product"", 2], [11, ""Environment"", 5], [12, ""Environment"", 4], [13, ""Environment"", 3], [14, ""Environment"", 2], [15, ""Environment"", 3], [16, ""Environment"", 4], [17, ""Environment"", 1], [18, ""Environment"", 2], [19, ""Environment"", 2], [20, ""Environment"", 2]]"
21,Type A,Description task 21,"[78, 27, 5, 76, 47, 54, 34, 43, 8, 35, 15, 48, 69, 33, 44, 28, 1, 10, 30, 53, 55, 80, 57, 12, 77, 74, 20, 49, 40, 38, 18, 70, 39, 79, 73, 2, 42, 72, 6, 36, 59, 7, 63, 41, 67, 23, 68, 17, 13, 14, 26, 46, 16, 9, 58, 22, 56, 65, 51, 32]","{""certificates"": [], ""majors"": """", ""type_majors"": """"}","[[1, ""Product"", 5], [2, ""Product"", 5], [3, ""Product"", 1], [4, ""Product"", 1], [5, ""Product"", 4], [6, ""Product"", 2], [7, ""Product"", 3], [8, ""Product"", 5], [9, ""Product"", 2], [10, ""Product"", 2], [11, ""Environment"", 3], [12, ""Environment"", 5], [13, ""Environment"", 1], [14, ""Environment"", 4], [15, ""Environment"", 4], [16, ""Environment"", 3], [17, ""Environment"", 2], [18, ""Environment"", 1], [19, ""Environment"", 5], [20, ""Environment"", 2]]"
22,Type C,Description task 22,"[54, 24, 10, 1, 80, 33, 37, 69, 19, 40, 35, 16, 73, 65, 74, 9, 32, 6, 47, 78, 2, 46, 79, 4, 26, 51, 61, 75, 39, 72, 36, 52, 3, 66, 42, 48, 70, 58, 53, 15, 71, 67, 23, 44, 17, 7, 30, 38, 57, 18, 12, 63, 29, 27, 41, 45, 50, 64, 43, 60]","{""certificates"": [], ""majors"": """", ""type_majors"": """"}","[[1, ""Product"", 1], [2, ""Product"", 3], [3, ""Product"", 3], [4, ""Product"", 5], [5, ""Product"", 2], [6, ""Product"", 3], [7, ""Product"", 1], [8, ""Product"", 3], [9, ""Product"", 4], [10, ""Product"", 3], [11, ""Environment"", 5], [12, ""Environment"", 3], [13, ""Environment"", 4], [14, ""Environment"", 5], [15, ""Environment"", 2], [16, ""Environment"", 2], [17, ""Environment"", 5], [18, ""Environment"", 1], [19, ""Environment"", 2], [20, ""Environment"", 5]]"
23,Type B,Description task 23,"[61, 17, 33, 40, 42, 3, 80, 27, 72, 58, 8, 52, 13, 74, 64, 14, 24, 78, 47, 51, 49, 56, 55, 68, 18, 35, 77, 66, 9, 37, 19, 20, 16, 44, 6, 65, 48, 75, 34, 26, 12, 53, 36, 39, 73, 59, 43, 50, 67, 71, 30, 22, 54, 76, 45, 69, 63, 38, 5, 41]","{""certificates"": [], ""majors"": """", ""type_majors"": """"}","[[1, ""Product"", 1], [2, ""Product"", 4], [3, ""Product"", 3], [4, ""Product"", 5], [5, ""Product"", 5], [6, ""Product"", 3], [7, ""Product"", 5], [8, ""Product"", 3], [9, ""Product"", 5], [10, ""Product"", 4], [11, ""Environment"", 4], [12, ""Environment"", 4], [13, ""Environment"", 5], [14, ""Environment"", 4], [15, ""Environment"", 2], [16, ""Environment"", 1], [17, ""Environment"", 3], [18, ""Environment"", 4], [19, ""Environment"", 2], [20, ""Environment"", 4]]"
24,Type A,Description task 24,"[56, 11, 38, 12, 26, 32, 27, 34, 53, 66, 72, 37, 51, 75, 80, 73, 10, 76, 63, 46, 35, 61, 33, 29, 39, 22, 18, 71, 43, 30, 6, 8, 70, 79, 28, 40, 44, 52, 68, 67, 19, 69, 21, 47, 23, 4, 55, 36, 48, 50, 54, 49, 41, 42, 60, 9, 2, 58, 62, 20]","{""certificates"": [], ""majors"": """", ""type_majors"": """"}","[[1, ""Product"", 1], [2, ""Product"", 5], [3, ""Product"", 3], [4, ""Product"", 3], [5, ""Product"", 1], [6, ""Product"", 5], [7, ""Product"", 5], [8, ""Product"", 2], [9, ""Product"", 5], [10, ""Product"", 1], [11, ""Environment"", 2], [12, ""Environment"", 5], [13, ""Environment"", 1], [14, ""Environment"", 2], [15, ""Environment"", 3], [16, ""Environment"", 2], [17, ""Environment"", 5], [18, ""Environment"", 5], [19, ""Environment"", 5], [20, ""Environment"", 1]]"
25,Type C,Description task 25,"[57, 19, 59, 23, 68, 15, 3, 28, 67, 80, 5, 24, 44, 13, 58, 55, 66, 8, 14, 70, 21, 12, 43, 6, 60, 27, 69, 64, 32, 30, 40, 16, 41, 39, 76, 4, 62, 78, 7, 35, 61, 56, 11, 73, 52, 2, 10, 63, 74, 45, 26, 49, 79, 33, 20, 53, 22, 1, 34, 48]","{""certificates"": [], ""majors"": """", ""type_majors"": """"}","[[1, ""Product"", 3], [2, ""Product"", 3], [3, ""Product"", 2], [4, ""Product"", 4], [5, ""Product"", 3], [6, ""Product"", 2], [7, ""Product"", 3], [8, ""Product"", 3], [9, ""Product"", 2], [10, ""Product"", 4], [11, ""Environment"", 4], [12, ""Environment"", 4], [13, ""Environment"", 2], [14, ""Environment"", 5], [15, ""Environment"", 3], [16, ""Environment"", 2], [17, ""Environment"", 2], [18, ""Environment"", 5], [19, ""Environment"", 5], [20, ""Environment"", 2]]"
26,Type A,Description task 26,"[17, 56, 63, 34, 29, 35, 39, 5, 10, 15, 52, 77, 33, 78, 41, 79, 55, 37, 51, 28, 73, 72, 61, 19, 75, 1, 62, 9, 14, 2, 22, 65, 11, 3, 67, 44, 69, 18, 71, 40, 47, 58, 30, 12, 66, 49, 6, 4, 43, 76, 36, 7, 57, 59, 27, 13, 24, 32, 48, 42]","{""certificates"": [], ""majors"": """", ""type_majors"": """"}","[[1, ""Product"", 3], [2, ""Product"", 5], [3, ""Product"", 2], [4, ""Product"", 4], [5, ""Product"", 3], [6, ""Product"", 4], [7, ""Product"", 1], [8, ""Product"", 2], [9, ""Product"", 5], [10, ""Product"", 1], [11, ""Environment"", 1], [12, ""Environment"", 2], [13, ""Environment"", 3], [14, ""Environment"", 5], [15, ""Environment"", 1], [16, ""Environment"", 2], [17, ""Environment"", 3], [18, ""Environment"", 5], [19, ""Environment"", 3], [20, ""Environment"", 3]]"
27,Type B,Description task 27,"[80, 34, 49, 38, 39, 40, 22, 21, 77, 1, 73, 51, 57, 64, 14, 50, 62, 67, 9, 42, 23, 18, 25, 41, 58, 45, 71, 8, 2, 31, 79, 13, 72, 10, 37, 36, 55, 16, 29, 59, 61, 19, 74, 20, 56, 24, 60, 11, 53, 47, 54, 63, 68, 15, 43, 5, 48, 32, 78, 52]","{""certificates"": [], ""majors"": """", ""type_majors"": """"}","[[1, ""Product"", 5], [2, ""Product"", 5], [3, ""Product"", 1], [4, ""Product"", 1], [5, ""Product"", 2], [6, ""Product"", 5], [7, ""Product"", 2], [8, ""Product"", 3], [9, ""Product"", 5], [10, ""Product"", 3], [11, ""Environment"", 2], [12, ""Environment"", 2], [13, ""Environment"", 4], [14, ""Environment"", 2], [15, ""Environment"", 1], [16, ""Environment"", 1], [17, ""Environment"", 5], [18, ""Environment"", 4], [19, ""Environment"", 4], [20, ""Environment"", 5]]"
28,Type C,Description task 28,"[55, 34, 45, 9, 38, 13, 36, 59, 44, 77, 41, 42, 22, 35, 11, 69, 73, 27, 39, 48, 47, 18, 66, 3, 20, 24, 68, 65, 10, 76, 62, 17, 2, 49, 32, 51, 26, 25, 30, 6, 33, 37, 54, 67, 74, 23, 56, 5, 4, 15, 75, 79, 78, 16, 64, 1, 57, 29, 50, 80]","{""certificates"": [], ""majors"": """", ""type_majors"": """"}","[[1, ""Product"", 4], [2, ""Product"", 2], [3, ""Product"", 5], [4, ""Product"", 5], [5, ""Product"", 3], [6, ""Product"", 5], [7, ""Product"", 3], [8, ""Product"", 5], [9, ""Product"", 2], [10, ""Product"", 3], [11, ""Environment"", 4], [12, ""Environment"", 2], [13, ""Environment"", 4], [14, ""Environment"", 2], [15, ""Environment"", 5], [16, ""Environment"", 5], [17, ""Environment"", 1], [18, ""Environment"", 4], [19, ""Environment"", 5], [20, ""Environment"", 3]]"
29,Type C,Description task 29,"[12, 67, 8, 68, 17, 2, 19, 76, 52, 77, 27, 16, 79, 48, 13, 51, 20, 5, 4, 59, 71, 28, 37, 53, 23, 11, 65, 50, 38, 22, 14, 35, 33, 9, 47, 66, 34, 30, 32, 45, 43, 21, 10, 55, 63, 54, 42, 6, 56, 26, 57, 46, 3, 36, 24, 74, 62, 44, 39, 64]","{""certificates"": [], ""majors"": """", ""type_majors"": """"}","[[1, ""Product"", 3], [2, ""Product"", 1], [3, ""Product"", 1], [4, ""Product"", 5], [5, ""Product"", 4], [6, ""Product"", 3], [7, ""Product"", 4], [8, ""Product"", 5], [9, ""Product"", 4], [10, ""Product"", 3], [11, ""Environment"", 2], [12, ""Environment"", 5], [13, ""Environment"", 3], [14, ""Environment"", 5], [15, ""Environment"", 3], [16, ""Environment"", 4], [17, ""Environment"", 4], [18, ""Environment"", 4], [19, ""Environment"", 4], [20, ""Environment"", 4]]"
30,Type C,Description task 30,"[45, 35, 64, 75, 41, 69, 8, 33, 22, 38, 13, 46, 42, 25, 47, 28, 60, 11, 79, 21, 19, 55, 15, 40, 3, 48, 66, 43, 4, 74, 59, 5, 53, 16, 39, 7, 70, 32, 52, 61, 71, 24, 6, 26, 78, 54, 50, 80, 68, 58, 73, 37, 34, 67, 18, 51, 57, 10, 62, 49]","{""certificates"": [], ""majors"": """", ""type_majors"": """"}","[[1, ""Product"", 1], [2, ""Product"", 3], [3, ""Product"", 5], [4, ""Product"", 5], [5, ""Product"", 1], [6, ""Product"", 4], [7, ""Product"", 3], [8, ""Product"", 5], [9, ""Product"", 3], [10, ""Product"", 5], [11, ""Environment"", 4], [12, ""Environment"", 4], [13, ""Environment"", 3], [14, ""Environment"", 2], [15, ""Environment"", 4], [16, ""Environment"", 2], [17, ""Environment"", 4], [18, ""Environment"", 2], [19, ""Environment"", 1], [20, ""Environment"", 5]]"
31,Type A,Description task 31,"[12, 2, 71, 62, 49, 54, 4, 68, 56, 61, 41, 10, 53, 66, 48, 1, 63, 5, 47, 55, 37, 65, 11, 76, 24, 73, 34, 26, 3, 30, 7, 72, 75, 8, 70, 79, 20, 59, 58, 80, 74, 43, 28, 32, 21, 57, 52, 13, 15, 60, 25, 39, 35, 42, 27, 69, 38, 16, 77, 46]","{""certificates"": [], ""majors"": """", ""type_majors"": """"}","[[1, ""Product"", 2], [2, ""Product"", 2], [3, ""Product"", 2], [4, ""Product"", 1], [5, ""Product"", 4], [6, ""Product"", 5], [7, ""Product"", 4], [8, ""Product"", 3], [9, ""Product"", 5], [10, ""Product"", 5], [11, ""Environment"", 1], [12, ""Environment"", 2], [13, ""Environment"", 5], [14, ""Environment"", 5], [15, ""Environment"", 3], [16, ""Environment"", 1], [17, ""Environment"", 5], [18, ""Environment"", 1], [19, ""Environment"", 1], [20, ""Environment"", 1]]"
32,Type A,Description task 32,"[40, 63, 59, 42, 23, 53, 21, 12, 15, 18, 19, 65, 26, 67, 51, 70, 22, 7, 25, 27, 10, 2, 50, 6, 49, 3, 30, 78, 8, 66, 80, 16, 61, 20, 4, 34, 60, 79, 62, 73, 37, 38, 57, 56, 68, 39, 36, 72, 1, 46, 41, 17, 76, 44, 58, 54, 55, 77, 28, 69]","{""certificates"": [], ""majors"": """", ""type_majors"": """"}","[[1, ""Product"", 5], [2, ""Product"", 2], [3, ""Product"", 1], [4, ""Product"", 4], [5, ""Product"", 1], [6, ""Product"", 1], [7, ""Product"", 2], [8, ""Product"", 2], [9, ""Product"", 1], [10, ""Product"", 2], [11, ""Environment"", 1], [12, ""Environment"", 3], [13, ""Environment"", 2], [14, ""Environment"", 5], [15, ""Environment"", 4], [16, ""Environment"", 4], [17, ""Environment"", 1], [18, ""Environment"", 3], [19, ""Environment"", 5], [20, ""Environment"", 2]]"
33,Type C,Description task 33,"[12, 57, 54, 9, 53, 11, 42, 65, 71, 43, 70, 63, 60, 36, 46, 58, 76, 1, 45, 10, 78, 40, 21, 48, 6, 73, 56, 39, 47, 69, 14, 38, 34, 19, 25, 80, 7, 16, 35, 50, 66, 59, 8, 77, 15, 51, 37, 41, 5, 28, 31, 2, 4, 3, 68, 44, 30, 32, 67, 29]","{""certificates"": [], ""majors"": """", ""type_majors"": """"}","[[1, ""Product"", 1], [2, ""Product"", 1], [3, ""Product"", 4], [4, ""Product"", 1], [5, ""Product"", 2], [6, ""Product"", 5], [7, ""Product"", 1], [8, ""Product"", 1], [9, ""Product"", 4], [10, ""Product"", 5], [11, ""Environment"", 3], [12, ""Environment"", 2], [13, ""Environment"", 2], [14, ""Environment"", 4], [15, ""Environment"", 1], [16, ""Environment"", 1], [17, ""Environment"", 5], [18, ""Environment"", 2], [19, ""Environment"", 2], [20, ""Environment"", 4]]"
34,Type A,Description task 34,"[17, 36, 45, 67, 11, 47, 77, 29, 43, 32, 23, 42, 5, 39, 18, 26, 16, 80, 31, 19, 72, 74, 6, 56, 52, 79, 57, 22, 60, 69, 62, 14, 75, 46, 65, 41, 4, 63, 20, 70, 61, 58, 12, 2, 54, 3, 78, 25, 10, 68, 9, 76, 21, 51, 55, 59, 71, 44, 30, 28]","{""certificates"": [], ""majors"": """", ""type_majors"": """"}","[[1, ""Product"", 1], [2, ""Product"", 2], [3, ""Product"", 3], [4, ""Product"", 5], [5, ""Product"", 5], [6, ""Product"", 5], [7, ""Product"", 3], [8, ""Product"", 1], [9, ""Product"", 4], [10, ""Product"", 3], [11, ""Environment"", 2], [12, ""Environment"", 4], [13, ""Environment"", 4], [14, ""Environment"", 5], [15, ""Environment"", 5], [16, ""Environment"", 4], [17, ""Environment"", 1], [18, ""Environment"", 2], [19, ""Environment"", 3], [20, ""Environment"", 4]]"
35,Type A,Description task 35,"[13, 61, 18, 22, 44, 66, 5, 28, 58, 4, 25, 70, 59, 80, 47, 75, 20, 78, 77, 46, 32, 65, 74, 12, 56, 1, 79, 3, 7, 45, 26, 76, 55, 16, 2, 52, 62, 40, 29, 8, 21, 43, 63, 15, 39, 14, 53, 23, 48, 9, 38, 31, 72, 24, 36, 19, 10, 37, 27, 50]","{""certificates"": [], ""majors"": """", ""type_majors"": """"}","[[1, ""Product"", 5], [2, ""Product"", 5], [3, ""Product"", 3], [4, ""Product"", 4], [5, ""Product"", 5], [6, ""Product"", 1], [7, ""Product"", 2], [8, ""Product"", 4], [9, ""Product"", 4], [10, ""Product"", 5], [11, ""Environment"", 1], [12, ""Environment"", 2], [13, ""Environment"", 5], [14, ""Environment"", 1], [15, ""Environment"", 4], [16, ""Environment"", 4], [17, ""Environment"", 1], [18, ""Environment"", 4], [19, ""Environment"", 4], [20, ""Environment"", 2]]"
36,Type B,Description task 36,"[38, 57, 46, 22, 37, 5, 79, 3, 66, 52, 17, 47, 9, 24, 30, 80, 29, 56, 15, 35, 40, 64, 72, 16, 32, 48, 10, 44, 42, 25, 19, 65, 14, 11, 77, 43, 41, 69, 28, 62, 78, 2, 68, 27, 4, 76, 73, 67, 61, 45, 12, 20, 63, 50, 58, 70, 54, 53, 23, 75]","{""certificates"": [], ""majors"": """", ""type_majors"": """"}","[[1, ""Product"", 3], [2, ""Product"", 5], [3, ""Product"", 1], [4, ""Product"", 2], [5, ""Product"", 5], [6, ""Product"", 5], [7, ""Product"", 5], [8, ""Product"", 3], [9, ""Product"", 2], [10, ""Product"", 4], [11, ""Environment"", 4], [12, ""Environment"", 5], [13, ""Environment"", 1], [14, ""Environment"", 2], [15, ""Environment"", 4], [16, ""Environment"", 5], [17, ""Environment"", 5], [18, ""Environment"", 2], [19, ""Environment"", 2], [20, ""Environment"", 5]]"
37,Type A,Description task 37,"[28, 19, 79, 69, 48, 50, 14, 42, 30, 77, 39, 12, 31, 34, 68, 33, 65, 56, 76, 16, 36, 6, 4, 15, 25, 74, 23, 20, 71, 64, 46, 38, 49, 32, 21, 57, 22, 52, 62, 54, 43, 53, 70, 24, 41, 3, 26, 2, 1, 44, 11, 66, 72, 7, 47, 13, 55, 10, 45, 18]","{""certificates"": [], ""majors"": """", ""type_majors"": """"}","[[1, ""Product"", 1], [2, ""Product"", 5], [3, ""Product"", 2], [4, ""Product"", 4], [5, ""Product"", 2], [6, ""Product"", 1], [7, ""Product"", 3], [8, ""Product"", 1], [9, ""Product"", 2], [10, ""Product"", 3], [11, ""Environment"", 2], [12, ""Environment"", 5], [13, ""Environment"", 5], [14, ""Environment"", 2], [15, ""Environment"", 5], [16, ""Environment"", 4], [17, ""Environment"", 4], [18, ""Environment"", 5], [19, ""Environment"", 4], [20, ""Environment"", 3]]"
38,Type C,Description task 38,"[5, 15, 16, 35, 19, 37, 8, 40, 66, 50, 14, 61, 71, 72, 77, 23, 24, 3, 44, 67, 36, 49, 45, 53, 41, 70, 69, 31, 51, 55, 32, 75, 26, 65, 64, 1, 47, 25, 7, 43, 21, 60, 12, 20, 30, 11, 33, 78, 52, 28, 46, 34, 27, 42, 18, 39, 58, 59, 22, 62]","{""certificates"": [], ""majors"": """", ""type_majors"": """"}","[[1, ""Product"", 5], [2, ""Product"", 1], [3, ""Product"", 1], [4, ""Product"", 3], [5, ""Product"", 1], [6, ""Product"", 3], [7, ""Product"", 1], [8, ""Product"", 5], [9, ""Product"", 2], [10, ""Product"", 4], [11, ""Environment"", 5], [12, ""Environment"", 5], [13, ""Environment"", 4], [14, ""Environment"", 5], [15, ""Environment"", 5], [16, ""Environment"", 4], [17, ""Environment"", 2], [18, ""Environment"", 3], [19, ""Environment"", 1], [20, ""Environment"", 1]]"
39,Type A,Description task 39,"[22, 24, 67, 65, 31, 45, 1, 30, 53, 64, 29, 78, 28, 9, 60, 63, 46, 49, 68, 26, 69, 76, 56, 59, 36, 4, 25, 48, 15, 33, 43, 66, 20, 11, 73, 74, 23, 3, 27, 14, 58, 32, 54, 12, 41, 77, 79, 2, 75, 50, 40, 18, 37, 52, 70, 19, 38, 17, 7, 44]","{""certificates"": [], ""majors"": """", ""type_majors"": """"}","[[1, ""Product"", 5], [2, ""Product"", 5], [3, ""Product"", 5], [4, ""Product"", 4], [5, ""Product"", 4], [6, ""Product"", 4], [7, ""Product"", 4], [8, ""Product"", 4], [9, ""Product"", 4], [10, ""Product"", 5], [11, ""Environment"", 2], [12, ""Environment"", 5], [13, ""Environment"", 2], [14, ""Environment"", 1], [15, ""Environment"", 3], [16, ""Environment"", 3], [17, ""Environment"", 4], [18, ""Environment"", 2], [19, ""Environment"", 5], [20, ""Environment"", 4]]"
40,Type A,Description task 40,"[62, 8, 1, 48, 36, 43, 11, 10, 50, 68, 13, 56, 5, 29, 55, 61, 9, 14, 46, 39, 18, 16, 67, 23, 4, 75, 2, 69, 41, 52, 37, 22, 66, 3, 24, 6, 77, 19, 70, 65, 60, 20, 32, 80, 49, 57, 34, 42, 35, 72, 31, 38, 15, 74, 12, 71, 7, 21, 30, 54]","{""certificates"": [], ""majors"": """", ""type_majors"": """"}","[[1, ""Product"", 5], [2, ""Product"", 1], [3, ""Product"", 1], [4, ""Product"", 3], [5, ""Product"", 3], [6, ""Product"", 1], [7, ""Product"", 2], [8, ""Product"", 5], [9, ""Product"", 1], [10, ""Product"", 1], [11, ""Environment"", 5], [12, ""Environment"", 5], [13, ""Environment"", 1], [14, ""Environment"", 4], [15, ""Environment"", 3], [16, ""Environment"", 3], [17, ""Environment"", 2], [18, ""Environment"", 1], [19, ""Environment"", 1], [20, ""Environment"", 2]]"
41,Type B,Description task 41,"[10, 56, 49, 13, 63, 11, 61, 18, 78, 66, 69, 21, 19, 30, 27, 76, 35, 34, 54, 72, 7, 29, 26, 57, 44, 64, 32, 58, 15, 22, 23, 74, 62, 20, 40, 3, 43, 2, 33, 48, 79, 42, 38, 1, 59, 71, 73, 12, 36, 75, 8, 25, 45, 9, 52, 65, 39, 24, 5, 50]","{""certificates"": [], ""majors"": """", ""type_majors"": """"}","[[1, ""Product"", 1], [2, ""Product"", 3], [3, ""Product"", 5], [4, ""Product"", 3], [5, ""Product"", 5], [6, ""Product"", 5], [7, ""Product"", 3], [8, ""Product"", 1], [9, ""Product"", 2], [10, ""Product"", 3], [11, ""Environment"", 5], [12, ""Environment"", 1], [13, ""Environment"", 5], [14, ""Environment"", 2], [15, ""Environment"", 1], [16, ""Environment"", 2], [17, ""Environment"", 1], [18, ""Environment"", 1], [19, ""Environment"", 2], [20, ""Environment"", 2]]"
42,Type C,Description task 42,"[80, 41, 66, 56, 3, 18, 68, 23, 43, 69, 70, 74, 47, 7, 57, 79, 75, 55, 65, 5, 44, 17, 1, 33, 46, 30, 24, 59, 26, 13, 78, 25, 29, 19, 22, 36, 53, 11, 58, 31, 21, 48, 2, 15, 71, 37, 16, 51, 28, 40, 27, 20, 72, 45, 34, 54, 67, 64, 10, 9]","{""certificates"": [], ""majors"": """", ""type_majors"": """"}","[[1, ""Product"", 5], [2, ""Product"", 2], [3, ""Product"", 3], [4, ""Product"", 1], [5, ""Product"", 2], [6, ""Product"", 2], [7, ""Product"", 5], [8, ""Product"", 2], [9, ""Product"", 1], [10, ""Product"", 3], [11, ""Environment"", 5], [12, ""Environment"", 2], [13, ""Environment"", 3], [14, ""Environment"", 2], [15, ""Environment"", 1], [16, ""Environment"", 4], [17, ""Environment"", 2], [18, ""Environment"", 2], [19, ""Environment"", 4], [20, ""Environment"", 5]]"
43,Type B,Description task 43,"[10, 44, 47, 59, 4, 48, 23, 74, 60, 29, 65, 77, 45, 16, 61, 38, 70, 64, 78, 36, 28, 19, 25, 26, 67, 20, 5, 56, 63, 14, 55, 73, 9, 49, 33, 7, 22, 37, 3, 54, 57, 39, 35, 1, 24, 72, 31, 76, 27, 46, 69, 58, 40, 68, 71, 53, 75, 11, 17, 79]","{""certificates"": [], ""majors"": """", ""type_majors"": """"}","[[1, ""Product"", 4], [2, ""Product"", 4], [3, ""Product"", 5], [4, ""Product"", 4], [5, ""Product"", 1], [6, ""Product"", 2], [7, ""Product"", 4], [8, ""Product"", 1], [9, ""Product"", 3], [10, ""Product"", 4], [11, ""Environment"", 1], [12, ""Environment"", 3], [13, ""Environment"", 5], [14, ""Environment"", 5], [15, ""Environment"", 2], [16, ""Environment"", 2], [17, ""Environment"", 3], [18, ""Environment"", 5], [19, ""Environment"", 3], [20, ""Environment"", 5]]"
44,Type C,Description task 44,"[49, 31, 20, 73, 70, 35, 64, 21, 3, 42, 60, 47, 12, 48, 5, 33, 16, 11, 59, 6, 29, 36, 57, 13, 14, 10, 74, 9, 15, 32, 7, 53, 28, 4, 45, 62, 22, 50, 39, 72, 30, 40, 63, 77, 68, 18, 51, 75, 78, 17, 71, 67, 66, 80, 79, 56, 61, 52, 1, 38]","{""certificates"": [], ""majors"": """", ""type_majors"": """"}","[[1, ""Product"", 4], [2, ""Product"", 1], [3, ""Product"", 1], [4, ""Product"", 1], [5, ""Product"", 4], [6, ""Product"", 3], [7, ""Product"", 4], [8, ""Product"", 5], [9, ""Product"", 5], [10, ""Product"", 4], [11, ""Environment"", 5], [12, ""Environment"", 1], [13, ""Environment"", 3], [14, ""Environment"", 5], [15, ""Environment"", 5], [16, ""Environment"", 4], [17, ""Environment"", 4], [18, ""Environment"", 1], [19, ""Environment"", 3], [20, ""Environment"", 5]]"
45,Type A,Description task 45,"[14, 30, 75, 47, 46, 73, 62, 37, 20, 5, 33, 61, 13, 55, 74, 34, 70, 77, 39, 23, 11, 2, 71, 43, 12, 21, 36, 26, 58, 31, 69, 25, 53, 67, 49, 35, 6, 64, 17, 29, 19, 79, 10, 54, 72, 78, 18, 16, 40, 59, 63, 76, 28, 7, 1, 41, 24, 66, 44, 52]","{""certificates"": [], ""majors"": """", ""type_majors"": """"}","[[1, ""Product"", 3], [2, ""Product"", 4], [3, ""Product"", 4], [4, ""Product"", 2], [5, ""Product"", 2], [6, ""Product"", 3], [7, ""Product"", 3], [8, ""Product"", 5], [9, ""Product"", 2], [10, ""Product"", 4], [11, ""Environment"", 4], [12, ""Environment"", 4], [13, ""Environment"", 2], [14, ""Environment"", 3], [15, ""Environment"", 3], [16, ""Environment"", 2], [17, ""Environment"", 3], [18, ""Environment"", 1], [19, ""Environment"", 3], [20, ""Environment"", 4]]"
46,Type C,Description task 46,"[37, 20, 73, 65, 19, 49, 47, 64, 17, 42, 9, 33, 76, 39, 15, 1, 25, 5, 30, 14, 38, 79, 22, 66, 36, 53, 10, 18, 78, 69, 26, 2, 21, 8, 43, 74, 57, 50, 61, 32, 28, 52, 34, 7, 72, 68, 11, 80, 23, 71, 60, 16, 62, 77, 70, 3, 51, 6, 58, 27]","{""certificates"": [], ""majors"": """", ""type_majors"": """"}","[[1, ""Product"", 3], [2, ""Product"", 2], [3, ""Product"", 5], [4, ""Product"", 2], [5, ""Product"", 2], [6, ""Product"", 3], [7, ""Product"", 1], [8, ""Product"", 2], [9, ""Product"", 1], [10, ""Product"", 4], [11, ""Environment"", 3], [12, ""Environment"", 5], [13, ""Environment"", 4], [14, ""Environment"", 4], [15, ""Environment"", 4], [16, ""Environment"", 3], [17, ""Environment"", 2], [18, ""Environment"", 1], [19, ""Environment"", 1], [20, ""Environment"", 5]]"
47,Type C,Description task 47,"[43, 34, 60, 3, 70, 23, 49, 11, 78, 65, 66, 52, 69, 57, 45, 59, 4, 36, 14, 24, 41, 35, 46, 6, 37, 21, 58, 54, 77, 48, 2, 71, 56, 5, 40, 16, 19, 26, 29, 73, 13, 8, 30, 74, 28, 68, 17, 62, 33, 72, 25, 7, 42, 18, 76, 32, 20, 55, 61, 44]","{""certificates"": [], ""majors"": """", ""type_majors"": """"}","[[1, ""Product"", 2], [2, ""Product"", 1], [3, ""Product"", 3], [4, ""Product"", 1], [5, ""Product"", 1], [6, ""Product"", 5], [7, ""Product"", 4], [8, ""Product"", 3], [9, ""Product"", 3], [10, ""Product"", 3], [11, ""Environment"", 1], [12, ""Environment"", 5], [13, ""Environment"", 2], [14, ""Environment"", 1], [15, ""Environment"", 4], [16, ""Environment"", 1], [17, ""Environment"", 1], [18, ""Environment"", 4], [19, ""Environment"", 1], [20, ""Environment"", 4]]"
48,Type B,Description task 48,"[56, 72, 19, 43, 50, 14, 59, 40, 9, 27, 28, 38, 33, 3, 55, 16, 6, 23, 52, 1, 65, 51, 26, 67, 57, 34, 31, 71, 74, 35, 36, 77, 61, 41, 29, 49, 4, 2, 5, 7, 80, 73, 8, 13, 58, 45, 68, 75, 63, 24, 46, 37, 60, 18, 20, 11, 12, 10, 53, 78]","{""certificates"": [], ""majors"": """", ""type_majors"": """"}","[[1, ""Product"", 2], [2, ""Product"", 2], [3, ""Product"", 3], [4, ""Product"", 5], [5, ""Product"", 5], [6, ""Product"", 5], [7, ""Product"", 5], [8, ""Product"", 5], [9, ""Product"", 3], [10, ""Product"", 2], [11, ""Environment"", 1], [12, ""Environment"", 2], [13, ""Environment"", 4], [14, ""Environment"", 3], [15, ""Environment"", 3], [16, ""Environment"", 5], [17, ""Environment"", 2], [18, ""Environment"", 4], [19, ""Environment"", 1], [20, ""Environment"", 1]]"
49,Type C,Description task 49,"[10, 37, 4, 7, 30, 67, 18, 27, 2, 50, 80, 45, 9, 61, 65, 79, 64, 35, 3, 52, 42, 44, 12, 39, 46, 34, 60, 23, 6, 63, 22, 28, 68, 53, 77, 24, 70, 71, 51, 5, 41, 78, 73, 31, 57, 8, 19, 14, 32, 13, 29, 20, 76, 74, 47, 69, 38, 58, 55, 21]","{""certificates"": [], ""majors"": """", ""type_majors"": """"}","[[1, ""Product"", 3], [2, ""Product"", 4], [3, ""Product"", 3], [4, ""Product"", 4], [5, ""Product"", 2], [6, ""Product"", 2], [7, ""Product"", 4], [8, ""Product"", 2], [9, ""Product"", 3], [10, ""Product"", 5], [11, ""Environment"", 1], [12, ""Environment"", 2], [13, ""Environment"", 2], [14, ""Environment"", 5], [15, ""Environment"", 3], [16, ""Environment"", 4], [17, ""Environment"", 3], [18, ""Environment"", 4], [19, ""Environment"", 1], [20, ""Environment"", 1]]"
50,Type C,Description task 50,"[20, 57, 71, 42, 54, 28, 22, 40, 31, 26, 15, 80, 27, 8, 59, 41, 35, 18, 55, 37, 44, 67, 45, 1, 58, 66, 47, 34, 73, 6, 25, 56, 3, 61, 32, 24, 29, 11, 7, 70, 76, 23, 75, 46, 74, 16, 10, 65, 38, 4, 9, 68, 5, 72, 52, 60, 39, 21, 36, 17]","{""certificates"": [], ""majors"": """", ""type_majors"": """"}","[[1, ""Product"", 4], [2, ""Product"", 2], [3, ""Product"", 2], [4, ""Product"", 3], [5, ""Product"", 1], [6, ""Product"", 4], [7, ""Product"", 5], [8, ""Product"", 3], [9, ""Product"", 3], [10, ""Product"", 1], [11, ""Environment"", 4], [12, ""Environment"", 5], [13, ""Environment"", 1], [14, ""Environment"", 5], [15, ""Environment"", 5], [16, ""Environment"", 4], [17, ""Environment"", 3], [18, ""Environment"", 5], [19, ""Environment"", 2], [20, ""Environment"", 5]]"
51,Type B,Description task 51,"[48, 70, 15, 78, 37, 73, 5, 76, 10, 34, 41, 32, 67, 56, 24, 77, 80, 46, 29, 4, 55, 59, 8, 28, 30, 45, 22, 49, 64, 72, 23, 7, 39, 11, 58, 71, 38, 52, 9, 12, 65, 13, 69, 26, 62, 19, 6, 18, 50, 40, 16, 2, 61, 17, 21, 31, 35, 47, 36, 66]","{""certificates"": [], ""majors"": """", ""type_majors"": """"}","[[1, ""Product"", 4], [2, ""Product"", 1], [3, ""Product"", 1], [4, ""Product"", 3], [5, ""Product"", 2], [6, ""Product"", 2], [7, ""Product"", 4], [8, ""Product"", 1], [9, ""Product"", 1], [10, ""Product"", 5], [11, ""Environment"", 1], [12, ""Environment"", 1], [13, ""Environment"", 3], [14, ""Environment"", 4], [15, ""Environment"", 2], [16, ""Environment"", 5], [17, ""Environment"", 5], [18, ""Environment"", 5], [19, ""Environment"", 1], [20, ""Environment"", 2]]"
52,Type C,Description task 52,"[33, 39, 63, 29, 13, 23, 51, 12, 55, 26, 22, 79, 43, 7, 69, 27, 70, 9, 16, 40, 6, 11, 14, 46, 78, 4, 71, 5, 48, 67, 64, 35, 30, 3, 24, 62, 31, 32, 72, 38, 8, 37, 68, 57, 61, 73, 17, 53, 18, 25, 80, 19, 34, 65, 45, 1, 10, 56, 75, 2]","{""certificates"": [], ""majors"": """", ""type_majors"": """"}","[[1, ""Product"", 1], [2, ""Product"", 5], [3, ""Product"", 3], [4, ""Product"", 4], [5, ""Product"", 2], [6, ""Product"", 5], [7, ""Product"", 3], [8, ""Product"", 2], [9, ""Product"", 1], [10, ""Product"", 4], [11, ""Environment"", 4], [12, ""Environment"", 4], [13, ""Environment"", 2], [14, ""Environment"", 1], [15, ""Environment"", 2], [16, ""Environment"", 2], [17, ""Environment"", 3], [18, ""Environment"", 3], [19, ""Environment"", 2], [20, ""Environment"", 5]]"
53,Type C,Description task 53,"[2, 25, 66, 26, 69, 38, 15, 40, 50, 76, 13, 8, 71, 5, 47, 23, 21, 60, 41, 28, 79, 32, 18, 46, 75, 24, 63, 48, 56, 70, 51, 42, 52, 73, 22, 19, 11, 54, 55, 1, 30, 17, 37, 44, 78, 9, 74, 27, 35, 29, 36, 3, 39, 49, 34, 7, 12, 57, 43, 4]","{""certificates"": [], ""majors"": """", ""type_majors"": """"}","[[1, ""Product"", 3], [2, ""Product"", 4], [3, ""Product"", 2], [4, ""Product"", 4], [5, ""Product"", 2], [6, ""Product"", 1], [7, ""Product"", 1], [8, ""Product"", 3], [9, ""Product"", 2], [10, ""Product"", 5], [11, ""Environment"", 4], [12, ""Environment"", 3], [13, ""Environment"", 5], [14, ""Environment"", 3], [15, ""Environment"", 5], [16, ""Environment"", 3], [17, ""Environment"", 1], [18, ""Environment"", 1], [19, ""Environment"", 5], [20, ""Environment"", 2]]"
54,Type B,Description task 54,"[78, 44, 55, 32, 45, 66, 1, 70, 56, 14, 61, 47, 31, 69, 37, 48, 3, 74, 11, 58, 23, 76, 18, 22, 53, 71, 59, 38, 65, 68, 6, 7, 5, 24, 15, 30, 57, 36, 21, 34, 35, 8, 16, 52, 20, 28, 51, 46, 80, 2, 25, 39, 40, 10, 41, 26, 60, 49, 33, 75]","{""certificates"": [], ""majors"": """", ""type_majors"": """"}","[[1, ""Product"", 4], [2, ""Product"", 1], [3, ""Product"", 3], [4, ""Product"", 1], [5, ""Product"", 3], [6, ""Product"", 2], [7, ""Product"", 2], [8, ""Product"", 3], [9, ""Product"", 4], [10, ""Product"", 2], [11, ""Environment"", 2], [12, ""Environment"", 5], [13, ""Environment"", 5], [14, ""Environment"", 4], [15, ""Environment"", 3], [16, ""Environment"", 1], [17, ""Environment"", 2], [18, ""Environment"", 4], [19, ""Environment"", 3], [20, ""Environment"", 5]]"
55,Type A,Description task 55,"[14, 39, 32, 21, 67, 13, 26, 76, 11, 61, 8, 60, 75, 38, 51, 9, 30, 79, 1, 47, 65, 43, 31, 52, 37, 6, 33, 19, 69, 66, 44, 2, 73, 16, 28, 36, 70, 42, 62, 49, 74, 41, 68, 63, 46, 35, 64, 4, 53, 25, 48, 12, 10, 59, 77, 71, 50, 40, 27, 45]","{""certificates"": [], ""majors"": """", ""type_majors"": """"}","[[1, ""Product"", 3], [2, ""Product"", 2], [3, ""Product"", 4], [4, ""Product"", 1], [5, ""Product"", 3], [6, ""Product"", 4], [7, ""Product"", 4], [8, ""Product"", 4], [9, ""Product"", 3], [10, ""Product"", 1], [11, ""Environment"", 2], [12, ""Environment"", 5], [13, ""Environment"", 1], [14, ""Environment"", 3], [15, ""Environment"", 2], [16, ""Environment"", 2], [17, ""Environment"", 1], [18, ""Environment"", 3], [19, ""Environment"", 1], [20, ""Environment"", 1]]"
56,Type C,Description task 56,"[65, 4, 47, 50, 43, 73, 68, 10, 34, 30, 45, 72, 75, 21, 7, 46, 77, 49, 8, 36, 61, 15, 19, 16, 42, 14, 69, 55, 63, 32, 41, 27, 5, 24, 26, 57, 71, 6, 13, 51, 18, 23, 3, 12, 53, 67, 37, 60, 52, 35, 40, 33, 74, 78, 29, 79, 25, 22, 11, 66]","{""certificates"": [], ""majors"": """", ""type_majors"": """"}","[[1, ""Product"", 2], [2, ""Product"", 4], [3, ""Product"", 1], [4, ""Product"", 1], [5, ""Product"", 2], [6, ""Product"", 3], [7, ""Product"", 2], [8, ""Product"", 4], [9, ""Product"", 2], [10, ""Product"", 2], [11, ""Environment"", 4], [12, ""Environment"", 4], [13, ""Environment"", 4], [14, ""Environment"", 1], [15, ""Environment"", 4], [16, ""Environment"", 5], [17, ""Environment"", 5], [18, ""Environment"", 1], [19, ""Environment"", 3], [20, ""Environment"", 1]]"
57,Type C,Description task 57,"[54, 22, 16, 80, 25, 47, 9, 24, 49, 70, 61, 8, 28, 35, 39, 52, 40, 67, 21, 20, 12, 17, 51, 64, 33, 72, 79, 58, 1, 34, 7, 43, 56, 60, 65, 41, 75, 63, 15, 66, 6, 48, 38, 19, 31, 46, 37, 23, 29, 32, 27, 45, 68, 42, 62, 77, 10, 14, 3, 78]","{""certificates"": [], ""majors"": """", ""type_majors"": """"}","[[1, ""Product"", 1], [2, ""Product"", 3], [3, ""Product"", 1], [4, ""Product"", 1], [5, ""Product"", 1], [6, ""Product"", 1], [7, ""Product"", 5], [8, ""Product"", 4], [9, ""Product"", 1], [10, ""Product"", 1], [11, ""Environment"", 1], [12, ""Environment"", 1], [13, ""Environment"", 1], [14, ""Environment"", 1], [15, ""Environment"", 2], [16, ""Environment"", 5], [17, ""Environment"", 1], [18, ""Environment"", 5], [19, ""Environment"", 4], [20, ""Environment"", 4]]"
58,Type B,Description task 58,"[45, 38, 10, 2, 48, 71, 63, 28, 25, 9, 42, 24, 11, 35, 4, 21, 18, 51, 17, 30, 29, 79, 53, 37, 59, 22, 32, 56, 34, 43, 5, 69, 14, 76, 7, 74, 64, 13, 1, 55, 41, 20, 36, 46, 77, 26, 15, 31, 68, 52, 12, 54, 8, 57, 3, 6, 70, 47, 72, 49]","{""certificates"": [], ""majors"": """", ""type_majors"": """"}","[[1, ""Product"", 5], [2, ""Product"", 5], [3, ""Product"", 2], [4, ""Product"", 1], [5, ""Product"", 5], [6, ""Product"", 5], [7, ""Product"", 5], [8, ""Product"", 1], [9, ""Product"", 4], [10, ""Product"", 4], [11, ""Environment"", 5], [12, ""Environment"", 2], [13, ""Environment"", 5], [14, ""Environment"", 5], [15, ""Environment"", 1], [16, ""Environment"", 3], [17, ""Environment"", 1], [18, ""Environment"", 4], [19, ""Environment"", 3], [20, ""Environment"", 4]]"
59,Type A,Description task 59,"[46, 51, 26, 1, 32, 56, 43, 14, 24, 36, 4, 75, 8, 45, 11, 40, 15, 30, 31, 23, 9, 76, 50, 61, 20, 42, 17, 25, 41, 6, 60, 62, 79, 5, 16, 66, 80, 69, 48, 33, 13, 44, 70, 49, 34, 28, 2, 39, 27, 71, 38, 63, 7, 64, 47, 54, 22, 3, 78, 67]","{""certificates"": [], ""majors"": """", ""type_majors"": """"}","[[1, ""Product"", 1], [2, ""Product"", 4], [3, ""Product"", 3], [4, ""Product"", 1], [5, ""Product"", 5], [6, ""Product"", 1], [7, ""Product"", 4], [8, ""Product"", 5], [9, ""Product"", 5], [10, ""Product"", 4], [11, ""Environment"", 1], [12, ""Environment"", 4], [13, ""Environment"", 2], [14, ""Environment"", 2], [15, ""Environment"", 2], [16, ""Environment"", 5], [17, ""Environment"", 1], [18, ""Environment"", 1], [19, ""Environment"", 5], [20, ""Environment"", 2]]"
60,Type B,Description task 60,"[28, 11, 46, 16, 9, 27, 41, 25, 30, 21, 64, 50, 37, 24, 55, 17, 22, 45, 76, 54, 67, 26, 70, 47, 80, 74, 77, 5, 78, 43, 35, 71, 56, 23, 6, 63, 18, 38, 14, 57, 33, 4, 15, 61, 68, 42, 32, 66, 58, 72, 79, 10, 20, 19, 51, 29, 52, 31, 12, 48]","{""certificates"": [], ""majors"": """", ""type_majors"": """"}","[[1, ""Product"", 1], [2, ""Product"", 4], [3, ""Product"", 5], [4, ""Product"", 1], [5, ""Product"", 3], [6, ""Product"", 5], [7, ""Product"", 3], [8, ""Product"", 5], [9, ""Product"", 5], [10, ""Product"", 4], [11, ""Environment"", 1], [12, ""Environment"", 1], [13, ""Environment"", 3], [14, ""Environment"", 5], [15, ""Environment"", 3], [16, ""Environment"", 2], [17, ""Environment"", 1], [18, ""Environment"", 3], [19, ""Environment"", 2], [20, ""Environment"", 5]]"
61,Type A,Description task 61,"[12, 21, 18, 77, 62, 48, 39, 49, 76, 63, 78, 3, 52, 22, 46, 32, 47, 37, 20, 30, 10, 65, 68, 29, 74, 33, 60, 15, 34, 14, 27, 9, 73, 23, 11, 50, 2, 16, 58, 67, 75, 70, 13, 31, 42, 28, 44, 69, 26, 51, 38, 64, 6, 17, 72, 66, 36, 53, 5, 79]","{""certificates"": [], ""majors"": """", ""type_majors"": """"}","[[1, ""Product"", 1], [2, ""Product"", 3], [3, ""Product"", 1], [4, ""Product"", 5], [5, ""Product"", 4], [6, ""Product"", 4], [7, ""Product"", 2], [8, ""Product"", 3], [9, ""Product"", 5], [10, ""Product"", 3], [11, ""Environment"", 2], [12, ""Environment"", 1], [13, ""Environment"", 5], [14, ""Environment"", 1], [15, ""Environment"", 2], [16, ""Environment"", 2], [17, ""Environment"", 5], [18, ""Environment"", 4], [19, ""Environment"", 4], [20, ""Environment"", 5]]"
62,Type C,Description task 62,"[54, 29, 21, 51, 44, 15, 2, 70, 13, 74, 78, 40, 46, 28, 16, 71, 63, 50, 68, 65, 18, 3, 79, 23, 58, 57, 7, 20, 75, 45, 5, 47, 32, 38, 48, 59, 10, 80, 53, 52, 72, 27, 77, 35, 26, 37, 12, 17, 8, 34, 11, 9, 73, 14, 56, 67, 76, 39, 60, 24]","{""certificates"": [], ""majors"": """", ""type_majors"": """"}","[[1, ""Product"", 5], [2, ""Product"", 1], [3, ""Product"", 1], [4, ""Product"", 5], [5, ""Product"", 2], [6, ""Product"", 4], [7, ""Product"", 1], [8, ""Product"", 4], [9, ""Product"", 5], [10, ""Product"", 2], [11, ""Environment"", 4], [12, ""Environment"", 4], [13, ""Environment"", 5], [14, ""Environment"", 5], [15, ""Environment"", 5], [16, ""Environment"", 4], [17, ""Environment"", 2], [18, ""Environment"", 3], [19, ""Environment"", 4], [20, ""Environment"", 4]]"
63,Type B,Description task 63,"[74, 48, 62, 41, 70, 67, 49, 5, 31, 58, 32, 15, 54, 23, 57, 50, 2, 13, 1, 45, 16, 14, 34, 6, 21, 10, 78, 69, 38, 20, 11, 22, 60, 47, 18, 33, 24, 51, 68, 65, 73, 30, 9, 36, 4, 12, 40, 26, 3, 56, 37, 79, 17, 76, 64, 55, 61, 28, 29, 71]","{""certificates"": [], ""majors"": """", ""type_majors"": """"}","[[1, ""Product"", 1], [2, ""Product"", 1], [3, ""Product"", 4], [4, ""Product"", 3], [5, ""Product"", 3], [6, ""Product"", 4], [7, ""Product"", 2], [8, ""Product"", 2], [9, ""Product"", 1], [10, ""Product"", 2], [11, ""Environment"", 3], [12, ""Environment"", 5], [13, ""Environment"", 4], [14, ""Environment"", 5], [15, ""Environment"", 4], [16, ""Environment"", 1], [17, ""Environment"", 3], [18, ""Environment"", 5], [19, ""Environment"", 4], [20, ""Environment"", 4]]"
64,Type B,Description task 64,"[16, 32, 58, 66, 34, 50, 27, 70, 55, 5, 48, 79, 2, 62, 20, 14, 53, 30, 31, 52, 43, 75, 74, 9, 68, 7, 61, 11, 40, 47, 46, 69, 51, 73, 23, 21, 33, 45, 57, 38, 56, 37, 44, 71, 49, 54, 78, 36, 17, 28, 10, 29, 22, 15, 1, 76, 35, 6, 72, 8]","{""certificates"": [], ""majors"": """", ""type_majors"": """"}","[[1, ""Product"", 2], [2, ""Product"", 4], [3, ""Product"", 5], [4, ""Product"", 4], [5, ""Product"", 5], [6, ""Product"", 1], [7, ""Product"", 3], [8, ""Product"", 3], [9, ""Product"", 1], [10, ""Product"", 3], [11, ""Environment"", 2], [12, ""Environment"", 4], [13, ""Environment"", 1], [14, ""Environment"", 1], [15, ""Environment"", 2], [16, ""Environment"", 1], [17, ""Environment"", 5], [18, ""Environment"", 1], [19, ""Environment"", 4], [20, ""Environment"", 5]]"
65,Type B,Description task 65,"[50, 11, 78, 20, 3, 10, 15, 9, 66, 25, 58, 42, 12, 72, 13, 5, 35, 49, 56, 47, 33, 44, 41, 16, 69, 73, 54, 46, 63, 59, 39, 61, 32, 22, 27, 26, 55, 48, 40, 1, 28, 31, 53, 30, 57, 7, 60, 6, 80, 64, 79, 77, 67, 43, 29, 45, 14, 70, 38, 8]","{""certificates"": [], ""majors"": """", ""type_majors"": """"}","[[1, ""Product"", 1], [2, ""Product"", 1], [3, ""Product"", 1], [4, ""Product"", 3], [5, ""Product"", 5], [6, ""Product"", 1], [7, ""Product"", 4], [8, ""Product"", 1], [9, ""Product"", 1], [10, ""Product"", 5], [11, ""Environment"", 5], [12, ""Environment"", 1], [13, ""Environment"", 2], [14, ""Environment"", 5], [15, ""Environment"", 1], [16, ""Environment"", 2], [17, ""Environment"", 1], [18, ""Environment"", 1], [19, ""Environment"", 2], [20, ""Environment"", 4]]"
66,Type C,Description task 66,"[4, 75, 26, 38, 34, 21, 2, 79, 19, 63, 55, 65, 69, 72, 70, 68, 24, 39, 71, 32, 56, 17, 13, 62, 41, 11, 77, 36, 51, 44, 12, 20, 3, 43, 25, 42, 22, 37, 31, 52, 28, 54, 29, 78, 47, 30, 14, 15, 49, 16, 74, 23, 67, 76, 33, 18, 6, 57, 50, 61]","{""certificates"": [], ""majors"": """", ""type_majors"": """"}","[[1, ""Product"", 2], [2, ""Product"", 4], [3, ""Product"", 4], [4, ""Product"", 1], [5, ""Product"", 1], [6, ""Product"", 5], [7, ""Product"", 1], [8, ""Product"", 3], [9, ""Product"", 5], [10, ""Product"", 3], [11, ""Environment"", 5], [12, ""Environment"", 4], [13, ""Environment"", 3], [14, ""Environment"", 3], [15, ""Environment"", 2], [16, ""Environment"", 2], [17, ""Environment"", 1], [18, ""Environment"", 5], [19, ""Environment"", 2], [20, ""Environment"", 5]]"
67,Type A,Description task 67,"[37, 55, 2, 32, 7, 75, 8, 34, 27, 44, 50, 3, 25, 11, 1, 12, 51, 70, 33, 78, 42, 39, 26, 58, 15, 68, 54, 79, 64, 63, 31, 5, 56, 46, 28, 57, 38, 62, 9, 77, 71, 14, 19, 61, 65, 4, 40, 36, 20, 29, 69, 17, 43, 22, 53, 35, 76, 80, 47, 74]","{""certificates"": [], ""majors"": """", ""type_majors"": """"}","[[1, ""Product"", 2], [2, ""Product"", 5], [3, ""Product"", 5], [4, ""Product"", 2], [5, ""Product"", 2], [6, ""Product"", 5], [7, ""Product"", 4], [8, ""Product"", 3], [9, ""Product"", 4], [10, ""Product"", 4], [11, ""Environment"", 2], [12, ""Environment"", 5], [13, ""Environment"", 5], [14, ""Environment"", 1], [15, ""Environment"", 1], [16, ""Environment"", 2], [17, ""Environment"", 4], [18, ""Environment"", 3], [19, ""Environment"", 3], [20, ""Environment"", 2]]"
68,Type A,Description task 68,"[55, 2, 26, 38, 76, 54, 44, 46, 31, 73, 32, 53, 63, 60, 5, 65, 35, 36, 71, 22, 79, 40, 1, 34, 29, 48, 69, 64, 16, 21, 30, 52, 9, 49, 18, 75, 67, 47, 24, 72, 39, 50, 25, 45, 78, 15, 57, 28, 70, 42, 43, 19, 6, 4, 10, 20, 59, 74, 61, 33]","{""certificates"": [], ""majors"": """", ""type_majors"": """"}","[[1, ""Product"", 4], [2, ""Product"", 3], [3, ""Product"", 5], [4, ""Product"", 5], [5, ""Product"", 4], [6, ""Product"", 4], [7, ""Product"", 2], [8, ""Product"", 3], [9, ""Product"", 5], [10, ""Product"", 4], [11, ""Environment"", 4], [12, ""Environment"", 2], [13, ""Environment"", 1], [14, ""Environment"", 4], [15, ""Environment"", 2], [16, ""Environment"", 2], [17, ""Environment"", 5], [18, ""Environment"", 3], [19, ""Environment"", 5], [20, ""Environment"", 4]]"
69,Type A,Description task 69,"[13, 60, 28, 7, 19, 5, 22, 34, 46, 70, 45, 49, 18, 62, 31, 66, 55, 8, 3, 4, 14, 71, 20, 36, 39, 53, 6, 72, 67, 44, 75, 63, 54, 9, 80, 43, 74, 10, 41, 51, 76, 30, 16, 40, 1, 52, 79, 47, 11, 24, 42, 59, 29, 58, 48, 15, 33, 25, 2, 73]","{""certificates"": [], ""majors"": """", ""type_majors"": """"}","[[1, ""Product"", 5], [2, ""Product"", 3], [3, ""Product"", 5], [4, ""Product"", 2], [5, ""Product"", 1], [6, ""Product"", 3], [7, ""Product"", 5], [8, ""Product"", 4], [9, ""Product"", 3], [10, ""Product"", 3], [11, ""Environment"", 2], [12, ""Environment"", 4], [13, ""Environment"", 1], [14, ""Environment"", 5], [15, ""Environment"", 4], [16, ""Environment"", 5], [17, ""Environment"", 3], [18, ""Environment"", 2], [19, ""Environment"", 3], [20, ""Environment"", 2]]"
70,Type A,Description task 70,"[28, 20, 1, 75, 56, 57, 60, 27, 11, 63, 52, 43, 16, 23, 48, 10, 13, 72, 73, 29, 2, 31, 35, 68, 45, 44, 15, 76, 79, 66, 9, 18, 39, 46, 50, 32, 78, 64, 33, 77, 55, 8, 41, 80, 14, 19, 36, 62, 6, 40, 69, 38, 22, 47, 42, 17, 67, 21, 24, 26]","{""certificates"": [], ""majors"": """", ""type_majors"": """"}","[[1, ""Product"", 2], [2, ""Product"", 5], [3, ""Product"", 1], [4, ""Product"", 4], [5, ""Product"", 3], [6, ""Product"", 3], [7, ""Product"", 4], [8, ""Product"", 3], [9, ""Product"", 3], [10, ""Product"", 5], [11, ""Environment"", 3], [12, ""Environment"", 1], [13, ""Environment"", 2], [14, ""Environment"", 1], [15, ""Environment"", 3], [16, ""Environment"", 4], [17, ""Environment"", 4], [18, ""Environment"", 4], [19, ""Environment"", 3], [20, ""Environment"", 3]]"
71,Type C,Description task 71,"[19, 10, 36, 7, 59, 8, 65, 12, 41, 34, 60, 43, 53, 25, 75, 24, 3, 30, 15, 72, 33, 57, 80, 64, 46, 62, 77, 37, 68, 22, 9, 74, 51, 42, 44, 55, 52, 38, 14, 63, 66, 18, 54, 45, 47, 48, 76, 26, 79, 13, 1, 50, 32, 6, 16, 69, 35, 4, 23, 67]","{""certificates"": [], ""majors"": """", ""type_majors"": """"}","[[1, ""Product"", 2], [2, ""Product"", 1], [3, ""Product"", 3], [4, ""Product"", 2], [5, ""Product"", 2], [6, ""Product"", 5], [7, ""Product"", 5], [8, ""Product"", 2], [9, ""Product"", 2], [10, ""Product"", 5], [11, ""Environment"", 1], [12, ""Environment"", 4], [13, ""Environment"", 4], [14, ""Environment"", 4], [15, ""Environment"", 4], [16, ""Environment"", 3], [17, ""Environment"", 4], [18, ""Environment"", 4], [19, ""Environment"", 5], [20, ""Environment"", 5]]"
72,Type C,Description task 72,"[16, 69, 2, 67, 48, 77, 73, 1, 41, 62, 74, 49, 34, 9, 44, 45, 7, 66, 3, 17, 64, 54, 14, 28, 30, 50, 63, 22, 10, 75, 21, 52, 11, 29, 37, 58, 53, 4, 19, 78, 38, 60, 57, 40, 46, 15, 79, 12, 33, 27, 42, 5, 55, 13, 36, 51, 39, 56, 31, 68]","{""certificates"": [], ""majors"": """", ""type_majors"": """"}","[[1, ""Product"", 1], [2, ""Product"", 1], [3, ""Product"", 5], [4, ""Product"", 3], [5, ""Product"", 5], [6, ""Product"", 4], [7, ""Product"", 4], [8, ""Product"", 4], [9, ""Product"", 5], [10, ""Product"", 3], [11, ""Environment"", 2], [12, ""Environment"", 1], [13, ""Environment"", 4], [14, ""Environment"", 1], [15, ""Environment"", 2], [16, ""Environment"", 4], [17, ""Environment"", 4], [18, ""Environment"", 1], [19, ""Environment"", 1], [20, ""Environment"", 3]]"
73,Type A,Description task 73,"[19, 65, 48, 35, 72, 76, 59, 12, 26, 67, 32, 64, 49, 77, 37, 25, 39, 61, 46, 69, 24, 7, 1, 5, 75, 4, 63, 43, 2, 22, 3, 30, 9, 17, 36, 40, 78, 27, 54, 18, 47, 68, 55, 42, 20, 71, 70, 33, 60, 57, 16, 79, 13, 11, 53, 56, 66, 41, 45, 21]","{""certificates"": [], ""majors"": """", ""type_majors"": """"}","[[1, ""Product"", 1], [2, ""Product"", 5], [3, ""Product"", 1], [4, ""Product"", 4], [5, ""Product"", 3], [6, ""Product"", 1], [7, ""Product"", 4], [8, ""Product"", 1], [9, ""Product"", 4], [10, ""Product"", 5], [11, ""Environment"", 4], [12, ""Environment"", 5], [13, ""Environment"", 1], [14, ""Environment"", 2], [15, ""Environment"", 5], [16, ""Environment"", 1], [17, ""Environment"", 4], [18, ""Environment"", 5], [19, ""Environment"", 2], [20, ""Environment"", 5]]"
74,Type B,Description task 74,"[51, 23, 59, 6, 32, 29, 37, 39, 11, 57, 20, 65, 41, 35, 1, 13, 55, 31, 67, 3, 77, 53, 49, 17, 70, 68, 24, 25, 27, 63, 58, 72, 5, 50, 79, 47, 44, 40, 21, 22, 16, 75, 9, 45, 14, 28, 8, 48, 19, 10, 42, 2, 34, 56, 60, 62, 61, 76, 73, 43]","{""certificates"": [], ""majors"": """", ""type_majors"": """"}","[[1, ""Product"", 5], [2, ""Product"", 3], [3, ""Product"", 1], [4, ""Product"", 4], [5, ""Product"", 4], [6, ""Product"", 2], [7, ""Product"", 3], [8, ""Product"", 5], [9, ""Product"", 1], [10, ""Product"", 4], [11, ""Environment"", 5], [12, ""Environment"", 5], [13, ""Environment"", 5], [14, ""Environment"", 2], [15, ""Environment"", 3], [16, ""Environment"", 1], [17, ""Environment"", 2], [18, ""Environment"", 5], [19, ""Environment"", 3], [20, ""Environment"", 3]]"
75,Type B,Description task 75,"[12, 8, 3, 74, 52, 78, 11, 21, 26, 49, 16, 38, 25, 2, 27, 29, 68, 42, 56, 36, 71, 4, 50, 67, 80, 1, 79, 76, 51, 73, 72, 58, 77, 19, 7, 10, 6, 65, 41, 17, 69, 5, 55, 61, 34, 62, 53, 57, 64, 18, 37, 15, 60, 28, 35, 48, 14, 30, 24, 44]","{""certificates"": [], ""majors"": """", ""type_majors"": """"}","[[1, ""Product"", 3], [2, ""Product"", 3], [3, ""Product"", 5], [4, ""Product"", 5], [5, ""Product"", 2], [6, ""Product"", 5], [7, ""Product"", 4], [8, ""Product"", 1], [9, ""Product"", 4], [10, ""Product"", 3], [11, ""Environment"", 1], [12, ""Environment"", 3], [13, ""Environment"", 5], [14, ""Environment"", 5], [15, ""Environment"", 2], [16, ""Environment"", 4], [17, ""Environment"", 3], [18, ""Environment"", 5], [19, ""Environment"", 2], [20, ""Environment"", 3]]"
76,Type B,Description task 76,"[27, 56, 58, 67, 68, 14, 78, 18, 80, 41, 7, 73, 2, 66, 38, 10, 71, 40, 57, 30, 32, 20, 17, 49, 48, 64, 12, 4, 23, 39, 62, 77, 3, 8, 36, 79, 6, 19, 46, 60, 63, 51, 22, 26, 16, 24, 61, 11, 52, 59, 47, 43, 75, 25, 31, 15, 28, 69, 70, 53]","{""certificates"": [], ""majors"": """", ""type_majors"": """"}","[[1, ""Product"", 1], [2, ""Product"", 5], [3, ""Product"", 3], [4, ""Product"", 2], [5, ""Product"", 4], [6, ""Product"", 4], [7, ""Product"", 5], [8, ""Product"", 5], [9, ""Product"", 1], [10, ""Product"", 1], [11, ""Environment"", 5], [12, ""Environment"", 1], [13, ""Environment"", 3], [14, ""Environment"", 2], [15, ""Environment"", 1], [16, ""Environment"", 5], [17, ""Environment"", 4], [18, ""Environment"", 1], [19, ""Environment"", 1], [20, ""Environment"", 5]]"
77,Type A,Description task 77,"[42, 26, 18, 69, 43, 23, 40, 64, 10, 4, 11, 47, 33, 72, 2, 79, 52, 32, 66, 51, 67, 63, 21, 60, 49, 78, 62, 8, 61, 3, 76, 22, 13, 44, 28, 53, 41, 5, 46, 74, 80, 71, 14, 45, 58, 15, 50, 30, 9, 27, 31, 1, 65, 70, 54, 68, 25, 39, 35, 29]","{""certificates"": [], ""majors"": """", ""type_majors"": """"}","[[1, ""Product"", 3], [2, ""Product"", 5], [3, ""Product"", 2], [4, ""Product"", 3], [5, ""Product"", 1], [6, ""Product"", 5], [7, ""Product"", 4], [8, ""Product"", 2], [9, ""Product"", 5], [10, ""Product"", 4], [11, ""Environment"", 5], [12, ""Environment"", 2], [13, ""Environment"", 3], [14, ""Environment"", 4], [15, ""Environment"", 3], [16, ""Environment"", 5], [17, ""Environment"", 2], [18, ""Environment"", 3], [19, ""Environment"", 2], [20, ""Environment"", 5]]"
78,Type B,Description task 78,"[54, 38, 25, 24, 68, 73, 40, 27, 79, 19, 8, 48, 1, 74, 34, 17, 67, 45, 66, 53, 32, 71, 36, 5, 75, 28, 70, 13, 62, 21, 30, 77, 26, 23, 22, 72, 16, 9, 37, 57, 42, 43, 63, 46, 2, 11, 65, 6, 51, 49, 64, 15, 61, 60, 29, 4, 41, 58, 80, 3]","{""certificates"": [], ""majors"": """", ""type_majors"": """"}","[[1, ""Product"", 5], [2, ""Product"", 2], [3, ""Product"", 2], [4, ""Product"", 2], [5, ""Product"", 2], [6, ""Product"", 3], [7, ""Product"", 1], [8, ""Product"", 2], [9, ""Product"", 1], [10, ""Product"", 2], [11, ""Environment"", 2], [12, ""Environment"", 5], [13, ""Environment"", 3], [14, ""Environment"", 2], [15, ""Environment"", 2], [16, ""Environment"", 2], [17, ""Environment"", 3], [18, ""Environment"", 4], [19, ""Environment"", 3], [20, ""Environment"", 2]]"
79,Type A,Description task 79,"[21, 77, 25, 12, 16, 6, 49, 73, 35, 29, 68, 40, 78, 52, 32, 70, 65, 13, 37, 38, 76, 18, 36, 74, 19, 4, 47, 39, 10, 55, 42, 27, 71, 66, 22, 2, 80, 11, 56, 20, 61, 75, 30, 31, 57, 23, 51, 58, 8, 64, 15, 1, 72, 59, 46, 67, 43, 41, 45, 5]","{""certificates"": [], ""majors"": """", ""type_majors"": """"}","[[1, ""Product"", 2], [2, ""Product"", 2], [3, ""Product"", 3], [4, ""Product"", 1], [5, ""Product"", 5], [6, ""Product"", 3], [7, ""Product"", 1], [8, ""Product"", 1], [9, ""Product"", 5], [10, ""Product"", 5], [11, ""Environment"", 3], [12, ""Environment"", 5], [13, ""Environment"", 4], [14, ""Environment"", 5], [15, ""Environment"", 1], [16, ""Environment"", 3], [17, ""Environment"", 5], [18, ""Environment"", 2], [19, ""Environment"", 4], [20, ""Environment"", 4]]"
80,Type B,Description task 80,"[63, 50, 22, 6, 8, 33, 60, 11, 25, 28, 26, 56, 71, 74, 55, 18, 37, 76, 16, 30, 53, 17, 43, 42, 34, 20, 66, 78, 27, 19, 58, 67, 24, 31, 44, 4, 77, 72, 32, 79, 70, 62, 23, 12, 52, 65, 59, 21, 15, 39, 1, 3, 57, 7, 13, 75, 29, 45, 69, 47]","{""certificates"": [], ""majors"": """", ""type_majors"": """"}","[[1, ""Product"", 4], [2, ""Product"", 5], [3, ""Product"", 2], [4, ""Product"", 2], [5, ""Product"", 3], [6, ""Product"", 1], [7, ""Product"", 1], [8, ""Product"", 4], [9, ""Product"", 4], [10, ""Product"", 4], [11, ""Environment"", 2], [12, ""Environment"", 4], [13, ""Environment"", 2], [14, ""Environment"", 5], [15, ""Environment"", 4], [16, ""Environment"", 1], [17, ""Environment"", 3], [18, ""Environment"", 4], [19, ""Environment"", 2], [20, ""Environment"", 4]]"
